USE Car2Go
GO

INSERT INTO BRANCH VALUES
    ('1058', 1005, 'GUY','MONTREAL' ,'QUEBEC', 'H3H2K4'),
	('2163',161,'BAY','TORONTO','ONTARIO','M5J2S1'),
	('3358',757,'HORNBY','VANCOUVER','BRITISH-COLUMBIA','V6Z1S2');

INSERT INTO CLASSIFICATION VALUES
	('LUXURY','80'),
	('SEDAN','50'),
	('COMPACT','45'),
	('SUBCOMPACT','35');

INSERT INTO CAR VALUES
	('9BWCA45X25T071963','SUBCOMPACT', 'V0BCQP',  'HYUNDAI', 'ACCENT', 2021, 'WHITE' ),
	('KMHJF32M6RU371282','SUBCOMPACT', 'Z5D8LP', 'NISSAN', 'VERSA', 2021, 'SILVER' ),
	('2T2GJ31U070010751','SUBCOMPACT', 'UMTBF5',  'CHEVROLET', 'SPARK', 2021, 'BLACK' ),
	('JTHGM46F575011383','SUBCOMPACT', 'W22C8X', 'KIA', 'RIO', 2021, 'RED' ),
	('3GTP1VE78DG212855','SUBCOMPACT', 'UGQEW3', 'MITSHUBISHI', 'MIRAGE', 2021, 'SILVER' ),
	('2GBGC29N2M1213577','SUBCOMPACT', 'PH1EF8',  'HONDA', 'FIT', 2021, 'BLACK' ),

	('JH4KA4670LC010014','COMPACT', 'IP9YI4',  'HONDA', 'CIVIC', 2022, 'BLACK' ),
	('JH4KA96633C000632','COMPACT', 'E62P96',  'MAZDA', 'MAZDA3', 2022, 'BLACK' ),
	('5TFHW5F13AX136128','COMPACT', 'QC2CMP',  'TOYOTA', 'COROLLA', 2022, 'WHITE' ),
	('WDDDJ72X97A116339','COMPACT', '44YYFL',  'VOLKSWAGEN', 'JETTA', 2022, 'GREY' ),
	('KNDPB3A23B7135414','COMPACT', '058IEB',  'NISSAN', 'SENTRA', 2022, 'SILVER' ),
	('1N6SD16S8NC343640','COMPACT', '85AHUU',  'HYUNDAI', 'ELANTRA', 2022, 'BLACK' ),

	('1GYFK63878R248711','SEDAN', '7N8ZNG', 'FORD', 'FOCUS', 2022, 'BLUE' ),
	('WBA3A5C57CF256651','SEDAN', 'RO6WEX',  'TOYOTA', 'AVALON', 2022, 'WHITE' ),
	('1FASP11J6TW112004','SEDAN', '0Z499F',  'HONDA', 'ACCORD', 2022, 'BEIGE' ),
	('1B4HS28N51F547639','SEDAN', '7JMZK3', 'CHRYSLER', '300', 2022, 'RED' ),
	('JH4DA1842JS003823','SEDAN', '66BMMC',  'TOYOTA', 'CAMRY', 2022, 'BLUE' ),
	('3FAFP37382RZ19823','SEDAN', 'QDFZ5P', 'HYUNDAI', 'SONATA', 2022, 'BEIGE' ),

	('WBAYP1C58DDX00520','LUXURY', 'AAYY3R', 'BMW', '650', 2020, 'BLACK' ),
	('WDBGA51G3WA380473','LUXURY', 'XU1JW9',  'MERCEDES', 'S500', 2020, 'SILVER' ),
	('WDBHA23E6VA485215','LUXURY', 'Z0SODK',  'MERCEDES', 'C350', 2022, 'GREY' ),
	('JTHDU1EF5F5019016','LUXURY', 'MKFGWR',   'LEXUS', 'LS', 2022, 'BLACK' ),
	('WA1GFCFS6FR000526','LUXURY', 'RHGLU1',   'AUDI', 'A8', 2022, 'RED' ),
	('1G6DW64U54X5769EX','LUXURY', 'GQX595',  'CADILLAC', 'STS', 2022, 'BLACK' );
	

	
	

INSERT INTO CUSTOMER VALUES
    ('OR87597580', 'OSCAR', 'RIVERA', 3813, 'GRANVILLE STREET', 1, 'NOVA SCOTIA', 'HALIFAX', 'B3K 5L2', 'CANADA'),
    ('TW66416136', 'TIFFANY', 'WILLIAMS', 389, 'RUE DES ÉGLISES EST', NULL, 'QUEBEC', 'BEAUCANTON', 'J0Z 1H0', 'CANADA'),
    ('JM26349665', 'JEREMY', 'MAYO', 3739, 'GORHAM STREET',NULL , 'ONTARIO', 'LONDON', 'N0N 0N0', 'CANADA'),
    ('MS88261214', 'MARGARET', 'SIMMONS', 3059,'RICHMOND STREET', 5, 'ONTARIO', 'OSHAWA', 'S4P 3Y2', 'CANADA'),
    ('KC47123540', 'KENNETH', 'CASTRO', 1694, 'FALLON DRIVE', 3, 'ONTARIO', 'DRAYTON', 'N0G 1P0', 'CANADA'),
    ('MH37043179', 'MARK', 'HERNANDEZ', 1088, '11TH AVENUE', null, 'ALBERTA', 'CALGARY', 'T2P 1M6', 'CANADA'),
    ('DG99075735', 'DANIELLE ', 'GREENE', 584, 'HYDE PARK ROAD', 6, 'ONTARIO', 'LONDON', 'N6E 1A9', 'CANADA'),
    ('EM58998254', 'ERIC ', 'MCBRIDE', 4763, 'ACTON AVENUE', 20, 'ONTARIO', 'TORONTO', 'M3H 4J1', 'CANADA'),
    ('PO17827813', 'PAULA ', 'ORTIZ', 4822, 'HAAGLUND ROAD', 100, 'BRITISH COLUMBIA', 'CHRISTINA LAKE', 'V0H 1E0', 'CANADA'),
    ('ES79740449', 'EMILY ', 'SANTOS', 1771, 'BANK STREET', 9, 'ONTARIO', 'OTTAWA', 'K1H 7Z1', 'CANADA'),
    ('AB69672798', 'ASHLEY ', 'BOWERS', 3232, 'CALGARY AVENUE', null, 'BRITISH COLUMBIA', 'PENTICTON', 'V2A 2T6', 'CANADA'),
    ('JJ11594324', 'JAMIE ', 'JONES', 1890, 'ERABLES STREET', 2, 'QUEBEC', 'SAINTE ANNE DES MONTS', 'G4V 1B6', 'CANADA'),
    ('JP70424873', 'JARED ', 'POTTER', 4938, 'LEVY STREET', null, 'QUEBEC', 'MONTREAL', 'H3C 5K4', 'CANADA'),
    ('AR30456402', 'ALICE ', 'RODRIGUEZ', 4573, 'ST JEAN BAPTISTE STREET', 7, 'QUEBEC', 'CAP EUX MEULE', 'G0N 1B0', 'CANADA'),
    ('MB22378068', 'MICHAEL ', 'BROWN', 4600, 'ALNESS STREET', 4, 'ONTARIO', 'TORONTO', 'M3J 2J1', 'CANADA'),
    ('ET81221697', 'EMMA ', 'TAYLOR', 400, 'BAY STREET', 1205, 'ONTARIO', 'TORONTO', 'M5J 2R8', 'CANADA'),
	('RH41150143', 'RACHEL', 'HURST', 3147, 'ROGER STREET', 3, 'BRITISH COLUMBIA', 'PORT ALBERNI', 'V9Y 4M8', 'CANADA'),
	('PC03883472', 'PAIGE', 'CONWAY', 4998, 'PARKDALE AVENUE', null, 'ONTARIO', 'CORNWALL', 'K6J 3P7', 'CANADA'),
	('LH62705021', 'LUIS', 'HAYDEN', 4870, 'MAIN STREET', 4, 'ALBERTA', 'SUNDRE', 'T0M 1X0', 'CANADA'),
    ('MG51635657', 'MARK', 'GILBERT', 1493, 'ADELAIDE STREET', 305, 'ONTARIO', 'TORONTO', 'M5H 1P6', 'CANADA'),
    ('SS14231628', 'STEPHANIE', 'SMITH', 4898, 'GLOVER ROAD', null, 'BRITISH COLUMBIA', 'COQUITLAM', 'V3J 4S1', 'CANADA'),
    ('AG65642495', 'ANDREW', 'GUTIERREZ', 2650, '2650 ST JEAN BAPTISTE STREET', 1, 'QUEBEC', 'SAINT MALGOIRE', 'G0R 3M0', 'CANADA'),
    ('MH25664951', 'MATTHEW', 'HENRY', 781, '47TH AVENUE', 6, 'ALBERTA', 'LAC LA BICHE', 'T0A 2C0', 'CANADA'),
    ('TJ87597580', 'TIMOTHY', 'JOHNSON', 3087, 'ISLINGTON AVE', 1207, 'ONTARIO', 'TORONTO', 'M8V 3B6', 'CANADA'),
    ('KD66416136', 'KEVIN', 'DAVIDSON', 1954, 'PEARL STREET', 109, 'ONTARIO', 'STREETSVILLE', 'L5M 1X2', 'CANADA'),
    ('CP88261214', 'CHRISTINE', 'POTTER', 3357, 'BRAND ROAD', 8, 'ONTARIO', 'SASKATOON', 'S7K 1W8', 'CANADA'),
	('SW87597580', 'STEPHANIE', 'WILLAIMS', 2917, 'PINE STREET', 301, 'ALBERTA', 'STETTLER', 'T0C 2L2', 'CANADA'),
	('EV32302361', 'EDMOND', 'VALENTINE', 1243, 'GOYEAU AVE', null, 'ONTARIO', 'WINDSOR', 'N9A 1H9', 'CANADA'),
	('TV58998254', 'TRAVIS', 'VALESQUEZ', 116, 'MESA VISTA DRIVE', null, 'BRITISH COLUMBIA', 'BOSTON BAR', 'V0K 1C0', 'CANADA'),
	('MZ22378068', 'MARC', 'ZAMORA', 1444, '100TH STREET', 7, 'ONTARIO', 'RAYMOND', 'T0K 2S0', 'CANADA');
	
INSERT INTO PROMOTION VALUES
	('S010','SEDAN',25,'2022-06-01', '2022-07-01'),
	('C020','COMPACT',50,'2022-06-15', '2022-07-15'),
	('S030','SUBCOMPACT',50,'2022-06-01', '2022-07-30'),
	('L040','LUXURY',25,'2022-07-01', '2022-07-30');

INSERT INTO RENTAL VALUES
	('JTHEAH7P','1G6DW64U54X5769EX', 'TW66416136', 'LUXURY', 2205, 2500, '1/2', '2022-06-05', '2022-06-15','2163','2163',800 ),
	('VDDP6E88','WDBGA51G3WA380473', 'JM26349665', 'LUXURY', 4765, 5000, 'FULL', '2022-07-01', '2022-07-15','3358','1058',1120 ),
	('GTTQZT5A','WBAYP1C58DDX00520', 'MS88261214', 'LUXURY', 12369, null, 'FULL', '2022-06-10', null,'3358',null,null ),
	('LR2KVRNL','3FAFP37382RZ19823', 'DG99075735', 'SEDAN', 7541, 8500, 'FULL', '2022-07-01', '2022-07-05','2163','2163',200 ),
	('ZYGT86S2','JH4DA1842JS003823', 'EM58998254', 'SEDAN', 5677, 6205, 'FULL', '2022-07-01', '2022-07-05','3358','1058',200 ),
	('RUWLDUYR','1B4HS28N51F547639', 'ES79740449', 'SEDAN', 7742, 8560, '1/2', '2022-06-10', '2022-06-18','1058','2163',400 ),
	('9YGHHKZL','1FASP11J6TW112004', 'JJ11594324', 'SEDAN', 3645, 3987, '3/4', '2022-07-01', '2022-07-10','3358','2163',350 ),
	('JMF2G8YC','WBA3A5C57CF256651', 'AR30456402', 'SEDAN', 13263, 13500, '1/2', '2022-07-01', '2022-07-03','2163','2163',100 ),
	('JXSKEKK5','JH4KA4670LC010014', 'MB22378068', 'COMPACT', 2000, 2350, '1/2', '2022-07-01', '2022-07-05','2163','1058',180 ),
	('32PSFKZU','2GBGC29N2M1213577', 'MB22378068', 'SUBCOMPACT', 1850, 2300, 'FULL', '2022-07-01', '2022-07-10','2163','2163',315 ),
	('2877CVKS','3GTP1VE78DG212855', 'ET81221697', 'SUBCOMPACT', 19547, null, 'FULL', '2022-06-20', null,'2163',null,null ),
	('FXA7C3JK','JTHGM46F575011383', 'RH41150143', 'SUBCOMPACT', 7000, 8500, 'FULL', '2022-06-05', '2022-07-05','2163','3358',1050 ),
	('5FDBP7BX','2T2GJ31U070010751', 'MG51635657', 'SUBCOMPACT', 3600, 4000, 'FULL', '2021-06-01', '2022-06-05','1058','3358',140 ),
	('DTZPFUVG','KMHJF32M6RU371282', 'KD66416136', 'SUBCOMPACT', 12500, null, '1/2', '2022-07-01', null,'1058',null,null ),
	('GCMAGGZF','9BWCA45X25T071963', 'EV32302361', 'SUBCOMPACT', 6540, null, 'FULL', '2022-06-01', null,'2163',null,null );

INSERT INTO EMAIL VALUES
	('OR87597580','ndanso@gmail.com'),
	('TW66416136','u_shash@yahoo.com'),
	('JM26349665','rcwil@verizon.net'),
	('MS88261214','kostas@gmail.com'),
	('KC47123540','kempsonc@hotmail.com'),
	('MH37043179','anicolao@gmail.com'),
	('MZ22378068','netsfr@outlook.com'),
	('DG99075735','miyop@sbcglobal.net'),
	('EM58998254','noneme@live.com'),
	('PO17827813','iapetus@att.net'),
	('ES79740449','bjornk@comcast.net'),
	('AB69672798','eimear@msn.com'),
	('JJ11594324','patrick.heller42@gmail.com'),
	('JP70424873','alia71@gmail.com'),
	('AR30456402','jakayla.baumbach@yahoo.ca'),
	('MB22378068','wilbert.grady@gmail.com'),
	('ET81221697','deron46@gmail.com'),
	('RH41150143','amelie92@hotmail.com'),
	('PC03883472','emilia.white@hotmail.com'),
	('LH62705021','stacey26@yahoo.ca'),
	('MG51635657','kennedy_stracke@yahoo.ca'),
	('SS14231628','katelyn.kessler@yahoo.ca'),
	('AG65642495','velva9@hotmail.com'),
	('MH25664951','omer_funk35@gmail.com'),
	('TJ87597580','nash30@hotmail.com'),
	('KD66416136','rylee.waelchi4@gmail.com'),
	('CP88261214','jazmyne.cassin72@hotmail.com'),
	('SW87597580','christy50@hotmail.com'),
	('EV32302361','cody.von@gmail.com'),
	('TV58998254','rossie10@hotmail.com');

INSERT INTO PHONE VALUES
	('OR87597580',1,782,4118345),
	('TW66416136',1,819,3293694),
	('JM26349665',1,519,7212303),
	('MS88261214',1,403,5109060),
	('KC47123540',1,519,6148420),
	('MH37043179',1,403,6468480),
	('MZ22378068',1,416,7046748),
	('DG99075735',1,519,3948927),
	('EM58998254',1,416,2918234),
	('PO17827813',1,778,6155609),
	('ES79740449',1,613,2584347),
	('AB69672798',1,778,3720973),
	('JJ11594324',1,819,2930311),
	('JP70424873',1,514,9786771),
	('AR30456402',1,418,6179134),
	('MB22378068',1,416,2795833),
	('ET81221697',1,416,4622781),
	('RH41150143',1,778,2647171),
	('PC03883472',1,613,9431281),
	('LH62705021',1,416,7596707),
	('MG51635657',1,514,6562840),
	('SS14231628',1,778,4472626),
	('AG65642495',1,613,6671214),
	('MH25664951',1,403,8386885),
	('TJ87597580',1,416,4784225),
	('KD66416136',1,250,4181980),
	('CP88261214',1,819,4883847),
	('SW87597580',1,403,5080799),
	('EV32302361',1,519,2963138),
	('TV58998254',1,778,3037908);


SELECT * FROM BRANCH;
SELECT * FROM CLASSIFICATION;
SELECT * FROM Car;
SELECT * FROM RENTAL;
SELECT * FROM CUSTOMER;
SELECT * FROM PROMOTION;
SELECT * FROM EMAIL;
SELECT * FROM PHONE;


